-- phpMyAdmin SQL Dump
-- version 4.8.5
-- https://www.phpmyadmin.net/
--
-- Host: 127.0.0.1:3306
-- Generation Time: 24-Abr-2019 às 00:16
-- Versão do servidor: 8.0.15
-- versão do PHP: 7.2.15-0ubuntu0.18.04.2

SET SQL_MODE = "NO_AUTO_VALUE_ON_ZERO";
SET AUTOCOMMIT = 0;
START TRANSACTION;
SET time_zone = "+00:00";


/*!40101 SET @OLD_CHARACTER_SET_CLIENT=@@CHARACTER_SET_CLIENT */;
/*!40101 SET @OLD_CHARACTER_SET_RESULTS=@@CHARACTER_SET_RESULTS */;
/*!40101 SET @OLD_COLLATION_CONNECTION=@@COLLATION_CONNECTION */;
/*!40101 SET NAMES utf8mb4 */;

--
-- Database: `islwydentester`
--

-- --------------------------------------------------------

--
-- Estrutura da tabela `CIDADE`
--

CREATE TABLE `CIDADE` (
  `ID_CIDADE` smallint(3) NOT NULL,
  `PAIS_CIDADE` smallint(3) NOT NULL,
  `NOME_CIDADE` varchar(20) NOT NULL,
  `POPULACAO_CIDADE` int(11) NOT NULL,
  `DATA_FUNDACAO_CIDADE` date NOT NULL
) ENGINE=InnoDB DEFAULT CHARSET=utf8;

--
-- Extraindo dados da tabela `CIDADE`
--

INSERT INTO `CIDADE` (`ID_CIDADE`, `PAIS_CIDADE`, `NOME_CIDADE`, `POPULACAO_CIDADE`, `DATA_FUNDACAO_CIDADE`) VALUES
(1, 1, 'SÃO LUÍS', 100, '1612-07-08'),
(2, 1, 'SÃO PAULO', 100, '1554-01-25'),
(3, 1, 'RIO DE JANEIRO', 900, '1565-03-01'),
(4, 2, 'NOVA YORK', 788, '1625-05-13'),
(5, 2, 'CHICAGO', 737, '1632-03-22'),
(6, 2, 'BOSTON', 698, '1701-06-06'),
(7, 3, 'TORONTO', 838, '1754-02-04'),
(8, 3, 'MONTREAL', 728, '1642-03-01'),
(9, 3, 'VANCOUVER', 535, '1862-03-04'),
(10, 4, 'ACAPULCO', 238, '1550-03-12'),
(11, 4, 'GUADALAJARA', 322, '1542-10-30'),
(12, 4, 'MONTERREY', 158, '1596-09-20'),
(13, 5, 'LA PLATA', 100, '1632-02-03'),
(14, 5, 'SANTA FÉ', 104, '1818-06-09'),
(15, 5, 'BARILOCHE', 138, '1813-01-05'),
(16, 6, 'JOANESBURGO', 150, '1979-06-12'),
(17, 6, 'DURBAN', 98, '1982-01-07'),
(18, 6, 'GERMINSTON', 100, '1980-06-18'),
(19, 7, 'AMBRIZ', 512, '1910-10-02'),
(20, 7, 'CAXITO', 428, '1919-08-23'),
(21, 7, 'DONDO', 318, '1918-03-05'),
(22, 8, 'LOUM', 215, '1928-12-12'),
(23, 8, 'KUMBA', 211, '1932-12-18'),
(24, 8, 'LIMBE', 188, '1937-11-25'),
(25, 9, 'DIVO', 322, '1964-12-15'),
(26, 9, 'MAN', 344, '1968-02-05'),
(27, 9, 'ISSIA', 218, '1975-07-14'),
(28, 10, 'ANTSIRABE', 238, '1922-05-08'),
(29, 10, 'TOLIARA', 350, '1925-03-12'),
(30, 10, 'MANAKARA', 215, '1928-01-26'),
(31, 11, 'JERUSALEM', 319, '1978-11-05'),
(32, 11, 'GALILEIA', 320, '1980-05-14'),
(33, 11, 'RAMULA', 348, '1979-06-06'),
(34, 12, 'SHANGAY', 900, '0600-12-25'),
(35, 12, 'CHENGDU', 318, '0600-04-12'),
(36, 12, 'DALIAN', 420, '0615-04-30'),
(37, 13, 'HIROSHIMA', 158, '0100-05-26'),
(38, 13, 'NAGASAKI', 138, '0102-10-11'),
(39, 13, 'FUGUSHIMA', 112, '0106-11-04'),
(40, 14, 'BULGAN', 98, '1120-12-13'),
(41, 14, 'MÖRÖN', 115, '1115-10-25'),
(42, 14, 'OLGIY', 312, '1100-02-25'),
(43, 15, 'PATTAYA', 56, '1528-11-30'),
(44, 15, 'HUA HIN', 90, '1520-08-16'),
(45, 15, 'KATA NOI', 78, '1616-03-04'),
(46, 16, 'COIMBRA', 78, '1315-08-06'),
(47, 16, 'ÉVORA', 56, '1336-11-07'),
(48, 16, 'CHAVÉS', 63, '1418-10-05'),
(49, 17, 'MUNIQUE', 79, '1250-05-09'),
(50, 17, 'FRANKFURT', 78, '1256-03-27'),
(51, 17, 'HAMBURGO', 87, '1228-01-17'),
(52, 18, 'PARIS', 522, '1315-09-11'),
(53, 18, 'MÔNACO', 312, '1356-02-27'),
(54, 18, 'BORDEAUX', 300, '1320-06-09'),
(58, 19, 'LONDRES', 128, '0500-05-23'),
(59, 19, 'LIVERPOOL', 100, '0555-05-13'),
(60, 19, 'MANCHESTER', 117, '0525-01-26'),
(61, 20, 'BARCELONA', 380, '1325-01-16'),
(62, 20, 'MADRID', 400, '1315-04-15'),
(63, 20, 'LA CORUÑA', 118, '1376-06-12'),
(64, 21, 'HELSINQUE', 238, '1618-02-14'),
(65, 21, 'ESPOO', 200, '1620-03-15'),
(66, 21, 'HANKO', 183, '1650-07-01'),
(67, 22, 'SYDNEY', 300, '1550-08-27'),
(68, 22, 'MELBORNE', 188, '1573-11-06'),
(69, 22, 'DARWIN', 153, '1562-12-03'),
(70, 23, 'TAUPO', 150, '1755-09-03'),
(71, 23, 'NELSON', 200, '1783-10-05'),
(72, 23, 'NAPIER', 182, '1732-12-03'),
(73, 24, 'ASAU', 50, '1762-10-05'),
(74, 24, 'NOFOALLI', 32, '1789-08-03'),
(75, 24, 'UTUALLI', 48, '1790-06-05'),
(76, 25, 'ASAU', 50, '1965-02-13'),
(77, 25, 'LOLUA', 45, '1962-03-14'),
(78, 25, 'TONGA', 48, '1960-05-19');

-- --------------------------------------------------------

--
-- Estrutura da tabela `CONTINENTES`
--

CREATE TABLE `CONTINENTES` (
  `ID_CONTINENTE` smallint(3) NOT NULL,
  `NOME_CONTINENTE` varchar(20) NOT NULL,
  `AREA_CONTINENTE` varchar(15) NOT NULL
) ENGINE=InnoDB DEFAULT CHARSET=utf8;

--
-- Extraindo dados da tabela `CONTINENTES`
--

INSERT INTO `CONTINENTES` (`ID_CONTINENTE`, `NOME_CONTINENTE`, `AREA_CONTINENTE`) VALUES
(1, 'AMÉRICA', '42.549.000'),
(2, 'ÁFRICA', '30.370.000'),
(3, 'ÁSIA', '43.810.000'),
(4, 'EUROPA', '10.180.000'),
(5, 'OCEANIA', '7.600.000'),
(6, 'ANTÁRTIDA', '14.000.000');

-- --------------------------------------------------------

--
-- Estrutura da tabela `HOTEL`
--

CREATE TABLE `HOTEL` (
  `ID_HOTEL` smallint(3) NOT NULL,
  `CIDADE_HOTEL` smallint(3) NOT NULL,
  `NOME_HOTEL` varchar(20) NOT NULL,
  `TIPO_HOTEL` varchar(9) DEFAULT NULL,
  `PRECO_DIARIA` float(6,2) DEFAULT NULL
) ENGINE=InnoDB DEFAULT CHARSET=utf8;

--
-- Extraindo dados da tabela `HOTEL`
--

INSERT INTO `HOTEL` (`ID_HOTEL`, `CIDADE_HOTEL`, `NOME_HOTEL`, `TIPO_HOTEL`, `PRECO_DIARIA`) VALUES
(1, 1, 'LOUZEIROS', '5 STARS', 232.00),
(2, 1, 'RIO POTY', '4 STARS', 157.00),
(3, 1, 'IBIS', '3 STARS', 179.00),
(4, 1, 'BLUE TOWER', '5 STARS', 296.00),
(5, 2, 'PORTOBAY', '5 STARS', 567.00),
(6, 2, 'MARABA', '5 STARS', 285.00),
(7, 2, 'MERCURE', '3 STARS', 312.00),
(8, 2, 'HB HOTELS NINETY', '4 STARS', 314.00),
(9, 3, 'SOL IPANEMA', '4 STARS', 394.00),
(10, 3, 'HYATT RIO ', '5 STARS', 395.00),
(11, 3, 'RITZ LEBLON', '4 STARS', 479.00),
(12, 3, 'AMÉRICA BARRA', '4 STARS', 157.00),
(13, 13, 'CORREGIDOR', '4 STARS', 157.00),
(14, 13, 'DEL SOL', '3 STARS', 183.00),
(15, 13, 'SAN MARCO', '3 STARS', 141.00),
(16, 13, 'LA PLATA', '4 STARS', 162.00),
(17, 14, 'INTERTOWER', '4 STARS', 289.00),
(18, 14, 'PUERTO AMARRAS', '3 STARS', 259.00),
(19, 14, 'BETAINA', '3 STARS', 153.00),
(20, 14, 'CERVANTES', '2 STARS', 141.00),
(21, 15, 'ALMA DEL LAGO SUITES', '5 STARS', 549.00),
(22, 15, 'VILA HUAPPI', '4 STARS', 143.00),
(23, 15, 'ROCHESTER BARILOCHE', '4 STARS', 245.00),
(24, 15, 'CRISTAL HOTEL', '4 STARS', 245.00),
(25, 52, 'RAPHAEL', '5 STARS', 1187.00),
(26, 52, 'PARISTER', '5 STARS', 853.00),
(27, 52, 'NOLINSK', '5 STARS', 1721.00),
(28, 52, 'PONT ROYAL', '5 STARS', 943.00),
(29, 52, 'DE SERS', '5 STARS', 1243.00),
(30, 52, 'LE CINQ CODET', '5 STARS', 992.00),
(31, 52, 'BANKE', '5 STARS', 910.00),
(32, 52, 'LE WALT', '4 STARS', 479.00),
(33, 53, 'PORT PALACE', '5 STARS', 1305.00),
(34, 53, 'PARIS DE MONTE CARLO', '5 STARS', 3036.00),
(35, 53, 'FORUM', '4 STARS', 942.00),
(36, 53, 'MONACO', '3 STARS', 442.00),
(37, 54, 'HILTON GARDEN', '4 STARS', 503.00),
(38, 54, 'IBIS BORDEAUX', '2 STARS', 245.00),
(39, 54, 'DE SÈNZE', '4 STARS', 910.00),
(40, 54, 'GALERIE TRATY', '4 STARS', 241.00),
(41, 58, 'THE MAY FAIR', '5 STRAS', 1005.00),
(42, 58, 'MALMASION', '5 STARS', 450.00),
(43, 58, 'SEA CONTAINERS', '5 STARS', 240.00),
(44, 58, 'ROYAL', '5 STARS', 1003.00),
(45, 59, 'ADELPHI', '3 STARS', 174.00),
(46, 59, 'BEECH MOUNT', '4 STARS', 187.00),
(47, 59, 'IBIS LIVERPOOL', '2 STARS', 243.00),
(48, 59, 'TITANIC', '4 STARS', 370.00),
(49, 60, 'VICTORIA WAREHOUSE', '3 STRAS', 172.00),
(50, 60, 'JURYS', '4 STARS', 287.00),
(51, 60, 'HILTON', '4 STARS', 295.00),
(52, 60, 'PENDULUM', '3 STARS', 231.00);

-- --------------------------------------------------------

--
-- Estrutura da tabela `PAISES`
--

CREATE TABLE `PAISES` (
  `ID_PAIS` smallint(3) NOT NULL,
  `CONTINENTE_PAIS` smallint(3) NOT NULL,
  `NOME_PAIS` varchar(30) NOT NULL,
  `CAPITAL_PAIS` varchar(30) NOT NULL,
  `LINGUA_PAIS` text,
  `MOEDA_PAIS` text,
  `PRESIDENTE_PAIS` varchar(20) NOT NULL,
  `AREA_PAIS` varchar(15) NOT NULL,
  `REGIME_PAIS` text,
  `DATA_INDEPENTECIA` date NOT NULL
) ENGINE=InnoDB DEFAULT CHARSET=utf8;

--
-- Extraindo dados da tabela `PAISES`
--

INSERT INTO `PAISES` (`ID_PAIS`, `CONTINENTE_PAIS`, `NOME_PAIS`, `CAPITAL_PAIS`, `LINGUA_PAIS`, `MOEDA_PAIS`, `PRESIDENTE_PAIS`, `AREA_PAIS`, `REGIME_PAIS`, `DATA_INDEPENTECIA`) VALUES
(1, 1, 'BRASIL', 'BRASILIA', 'PORTUGUÊS', 'REAL', 'JAIR BOLSONARO', '8.515.767.049', 'REPÚBLICA PRESIDENCIALISTA', '1822-09-07'),
(2, 1, 'EUA', 'WASHINGTON', 'INGLÊS', 'DÓLAR', 'DONALD TRUMP', '9.371.175', 'REPÚBLICA PRESIDENCIALISTA', '1776-07-04'),
(3, 1, 'CANADÁ', 'OTAWA', 'INGLÊS E FRANCÊS', 'DÓLAR CANADENSE', 'JUSTII TRUDEAU', '9.984.670', 'Democracia parlamentar\r\ne Monarquia constitucional federal', '1867-07-01'),
(4, 1, 'MÉXICO', 'CIDADE DO MÉXICO', 'ESPANHOL E 67 LÍNGUAS, NENHUMA OFICIAL', 'PESO MEXICANO', 'ANDRÉS OBRADOR', '1.958.201', 'República presidencialista', '1810-07-16'),
(5, 1, 'ARGENTINA', 'BUENOS AIRES', 'ESPANHOL', 'PESO ARGENTINO', 'MAURICIO MACRI', '2.780.400', 'REPÚBLICA PRESIDENCIALISTA', '1816-07-09'),
(6, 2, 'ÁFRICA DO SUL', 'PETRÓRIA', 'ÁFRICANS/INGLÊS', 'RAND', 'CYRIL RAMAPHOSA', '1.221.037', 'República parlamentarista unitária de partido dominante', '1910-05-31'),
(7, 2, 'ANGOLA', 'LUANDA', 'PORTUGUÊS', 'KWANZA', 'JOÃO LOURENÇO', '1.246.700', 'REPÚBLICA PRESIDENCIALISTA', '1975-11-11'),
(8, 2, 'CAMARÕES', 'YAOUNDÉ', 'FRANCÊS/INGLÊS', 'FRANCO CFA CENTRAL', 'PAUL BIYA', '475.442', 'REPÚBLICA PARLAMENTARISTA', '1960-01-01'),
(9, 2, 'COSTA DO MÁRFIM', 'ABIDJAN', 'FRANCÊS', 'FRANCO CFA OCIDENTAL', 'ALASSANE OUATTARA', '322.463', 'REPÚBLICA PRESIDENCIALISTA', '1960-08-07'),
(10, 2, 'MADAGÁSCAR', 'ANTANANARIVO', 'MALGAXE/FRANCÊS', 'ARIARY', 'ANDRY RAJOELINA', '587.041', 'REPÚBLICA SEMI PRESIDENCIALISTA', '1960-07-26'),
(11, 3, 'ISRAEL', 'JERUSALÉM', 'HEBRÁICO ÁRABE', 'NOVO SHEKEL', 'REUVEN RIVLIN', '20.772', 'DEMOCRACIA PARLAMENTAR', '1948-05-14'),
(12, 3, 'CHINA', 'BENJIN', 'MANDARIM', 'YUAN', 'XI JIPING', '9.596.961', 'REPUBLICA SOCIALISTA UNIPARTIDÁRIA', '1912-01-01'),
(13, 3, 'JAPÃO', 'TÓQUIO', 'JAPONÊS', 'YEN', 'SHINSÕ ABE', '377.873', 'MONARQUIA CONSTITUCIONAL UNITÁRIA', '0660-02-11'),
(14, 3, 'MONGÓLIA', 'ULAN BATOR', 'MONGOL', 'TUGRIK', 'KHALTMAAGIIN', '1.564.100', 'REPÚBLIVA SEMI PRESIDENCIALISTA', '1921-07-11'),
(15, 3, 'TAILÂNDIA', 'BANGUECOQUE', 'TAILANDÊS', 'BAHT TAILÂNDÊS', 'PRAYUTH CHAN-OCHA', '513.120,15', 'MONARQUIA CONSTITUCIONAL', '1932-06-24'),
(16, 4, 'PORTUGAL', 'LISBOA', 'PORTUGUÊS', 'EURO', 'MARCELO DE SOUZA', '92.256', 'REPÚBLICA SEMIPRESIDENCIALISTA', '0868-01-01'),
(17, 4, 'ALEMANHA', 'BERLIM', 'ALEMÃO', 'EURO', 'ANGELA MERKEL', '357.051', 'REPUBLICA PARLAMENTARISTA', '0962-02-02'),
(18, 4, 'FRANÇA', 'PARIS', 'FRANCÊS', 'EURO', 'EMMANOEL MAKRON', '543.965', 'REPÚBLICA SEMIPRESIDENCIALISTA', '0843-01-01'),
(19, 4, 'INGLATERRA', 'LONDRES', 'INGLÊS', 'LIBRA', 'THERESA MAY', '130.395', 'MONARQUIA PARLAMENTARISTA', '0927-05-13'),
(20, 4, 'ESPANHA', 'MADRID', 'ESPANHOL', 'EURO', 'PEDRO SÁNCHES', '504.030', 'MONARQUIA CONSTITUCIONAL', '1469-01-01'),
(21, 4, 'FINLÂNDIA', 'HELSINQUE', 'FINLADÊS/SUECO', 'EURO', 'SAULI NIINISTÖ', '338145', 'REPÚBLICA PARLAMENTARISTA', '1918-01-04'),
(22, 5, 'AUSTRÁLIA', 'CAMBERRA', 'INGLÊS', 'DÓLAR AUSTRALIA', 'ROBERT FRENCH', '7.692.024', 'MONARQUIA PARLAMENTARISTA', '1901-01-01'),
(23, 5, 'NOVA ZELÂDIA', 'WELLINGTON', 'INGLÊS/MAORI', 'DÓLAR NZ', 'JACINDA ARDERN', '268.680', 'MONARQUIA PARLAMENTARISTA', '1907-09-26'),
(24, 5, 'SAMOA', 'APIA', 'INGLÊS/SAMOANO', 'TALA', 'MALIELEGAOI', '2.831', 'REPUBLICA PALRAMENTAR UNIPARTIDARIO', '1962-10-01'),
(25, 5, 'TUVALU', 'FUNAFUTI', 'INGLÊS TUVALUANO', 'DOLAR TUVALU', 'ENELE SAPOAGA', '26', 'MONARQUIA CONSTITUCIONAL', '1978-10-01'),
(26, 5, 'MICRONÉSIA', 'PALIKIR', 'INGLÊS', 'DÓLAR', 'PETER CRISTIAN', '702', 'REPÚBLICA PRESIDENCIALISTA', '1947-07-18');

--
-- Indexes for dumped tables
--

--
-- Indexes for table `CIDADE`
--
ALTER TABLE `CIDADE`
  ADD PRIMARY KEY (`ID_CIDADE`),
  ADD KEY `PAIS_CIDADE` (`PAIS_CIDADE`);

--
-- Indexes for table `CONTINENTES`
--
ALTER TABLE `CONTINENTES`
  ADD PRIMARY KEY (`ID_CONTINENTE`);

--
-- Indexes for table `HOTEL`
--
ALTER TABLE `HOTEL`
  ADD PRIMARY KEY (`ID_HOTEL`),
  ADD KEY `CIDADE_HOTEL` (`CIDADE_HOTEL`);

--
-- Indexes for table `PAISES`
--
ALTER TABLE `PAISES`
  ADD PRIMARY KEY (`ID_PAIS`),
  ADD KEY `CONTINENTE_PAIS` (`CONTINENTE_PAIS`);

--
-- AUTO_INCREMENT for dumped tables
--

--
-- AUTO_INCREMENT for table `CIDADE`
--
ALTER TABLE `CIDADE`
  MODIFY `ID_CIDADE` smallint(3) NOT NULL AUTO_INCREMENT, AUTO_INCREMENT=79;

--
-- AUTO_INCREMENT for table `CONTINENTES`
--
ALTER TABLE `CONTINENTES`
  MODIFY `ID_CONTINENTE` smallint(3) NOT NULL AUTO_INCREMENT, AUTO_INCREMENT=7;

--
-- AUTO_INCREMENT for table `HOTEL`
--
ALTER TABLE `HOTEL`
  MODIFY `ID_HOTEL` smallint(3) NOT NULL AUTO_INCREMENT, AUTO_INCREMENT=53;

--
-- AUTO_INCREMENT for table `PAISES`
--
ALTER TABLE `PAISES`
  MODIFY `ID_PAIS` smallint(3) NOT NULL AUTO_INCREMENT, AUTO_INCREMENT=27;

--
-- Constraints for dumped tables
--

--
-- Limitadores para a tabela `CIDADE`
--
ALTER TABLE `CIDADE`
  ADD CONSTRAINT `CIDADE_ibfk_1` FOREIGN KEY (`PAIS_CIDADE`) REFERENCES `PAISES` (`ID_PAIS`);

--
-- Limitadores para a tabela `HOTEL`
--
ALTER TABLE `HOTEL`
  ADD CONSTRAINT `HOTEL_ibfk_1` FOREIGN KEY (`CIDADE_HOTEL`) REFERENCES `CIDADE` (`ID_CIDADE`);

--
-- Limitadores para a tabela `PAISES`
--
ALTER TABLE `PAISES`
  ADD CONSTRAINT `PAISES_ibfk_1` FOREIGN KEY (`CONTINENTE_PAIS`) REFERENCES `CONTINENTES` (`ID_CONTINENTE`);
COMMIT;

/*!40101 SET CHARACTER_SET_CLIENT=@OLD_CHARACTER_SET_CLIENT */;
/*!40101 SET CHARACTER_SET_RESULTS=@OLD_CHARACTER_SET_RESULTS */;
/*!40101 SET COLLATION_CONNECTION=@OLD_COLLATION_CONNECTION */;
